VentaID;FechaID;TiendaID;ProductoID;ClienteID;Unidades;PrecioUnitario;Descuento;ValorVenta
V000517;20240101;T01;PRD008;CLI0008;1;3014600;0,05;2863870
V001049;20240101;T05;PRD026;CLI0044;1;443400;0,05;421230
V001165;20240101;T01;PRD020;CLI0030;1;59100;0,1;53190
V001544;20240101;T01;PRD020;CLI0062;1;59000;0,1;53100
V001548;20240101;T04;PRD030;CLI0035;1;40700;0;40700
V001884;20240101;T02;PRD010;CLI0022;2;1998900;0;3997800
V001980;20240101;T05;PRD015;CLI0008;2;673600;0,1;1212480
V002125;20240101;T02;PRD033;CLI0053;1;1876600;0,1;1688940
V000096;20240102;T04;PRD021;CLI0050;2;159200;0;318400
V000458;20240102;T02;PRD033;CLI0027;1;1892200;0;1892200
V000804;20240102;T03;PRD017;CLI0075;3;3500000;0,1;9450000
V001684;20240102;T01;PRD015;CLI0016;2;667100;0;1334200
V000896;20240103;T01;PRD019;CLI0035;2;48400;0;96800
V001451;20240103;T05;PRD022;CLI0054;2;261500;0;523000
V001641;20240103;T01;PRD033;CLI0063;3;1920300;0;5760900
V001784;20240103;T04;PRD034;CLI0079;4;264800;0,15;900320
V000060;20240104;T01;PRD007;CLI0057;2;1539800;0,05;2925620
V001456;20240104;T05;PRD021;CLI0073;2;147500;0;295000
V001742;20240104;T03;PRD031;CLI0010;4;37700;0,05;143260
V001885;20240104;T04;PRD033;CLI0080;1;1877000;0;1877000
V000048;20240105;T01;PRD029;CLI0043;2;62800;0;125600
V000529;20240105;T05;PRD032;CLI0018;1;38700;0,1;34830
V001066;20240105;T03;PRD014;CLI0059;2;112300;0,1;202140
V001263;20240105;T03;PRD016;CLI0021;1;1393700;0,05;1324015
V001361;20240105;T02;PRD031;CLI0021;3;35400;0,05;100890
V001428;20240105;T02;PRD038;CLI0008;2;569800;0;1139600
V001964;20240105;T02;PRD025;CLI0076;1;408000;0,05;387600
V000020;20240106;T02;PRD028;CLI0067;2;98100;0;196200
V000364;20240106;T05;PRD023;CLI0022;1;1044400;0;1044400
V000802;20240106;T01;PRD015;CLI0045;1;694300;0;694300
V001002;20240106;T03;PRD002;CLI0080;2;50400;0;100800
V001266;20240106;T05;PRD038;CLI0052;2;568500;0,05;1080150
V001802;20240106;T02;PRD021;CLI0068;2;152600;0,15;259420
V001819;20240106;T03;PRD016;CLI0068;1;1408100;0,05;1337695
V001669;20240107;T01;PRD020;CLI0080;1;58900;0;58900
V001934;20240107;T01;PRD003;CLI0030;2;204200;0,05;387980
V002017;20240107;T03;PRD019;CLI0050;3;51100;0;153300
V000150;20240109;T02;PRD031;CLI0016;1;38300;0,1;34470
V000702;20240109;T01;PRD018;CLI0054;3;5330000;0,05;15190500
V000831;20240109;T04;PRD022;CLI0078;2;273300;0,05;519270
V001445;20240109;T01;PRD021;CLI0029;1;149800;0;149800
V000411;20240110;T01;PRD021;CLI0069;3;155700;0;467100
V001375;20240110;T02;PRD010;CLI0044;1;1960900;0,1;1764810
V001439;20240110;T05;PRD017;CLI0080;1;3248000;0,1;2923200
V001478;20240110;T04;PRD029;CLI0040;1;64200;0,1;57780
V001716;20240110;T01;PRD038;CLI0071;1;566800;0,1;510120
V001811;20240110;T04;PRD017;CLI0041;2;3457200;0;6914400
V000059;20240111;T05;PRD027;CLI0036;1;18700;0;18700
V000367;20240111;T01;PRD012;CLI0061;2;1961100;0,15;3333870
V000817;20240111;T02;PRD030;CLI0026;1;42400;0;42400
V000947;20240111;T01;PRD033;CLI0069;1;1906200;0;1906200
V001441;20240111;T02;PRD022;CLI0059;2;267500;0;535000
V001758;20240111;T01;PRD021;CLI0022;2;155400;0,1;279720
V001768;20240111;T03;PRD005;CLI0040;3;152100;0,05;433485
V000182;20240112;T01;PRD036;CLI0049;1;479700;0;479700
V000504;20240112;T03;PRD020;CLI0023;3;59600;0,05;169860
V000601;20240112;T05;PRD019;CLI0026;2;52000;0;104000
V001120;20240112;T04;PRD012;CLI0010;1;1886000;0,15;1603100
V001152;20240112;T01;PRD036;CLI0011;2;506600;0,05;962540
V001195;20240112;T02;PRD003;CLI0018;2;201000;0,05;381900
V000024;20240113;T01;PRD018;CLI0012;3;4953400;0,1;13374180
V000071;20240113;T02;PRD027;CLI0072;2;18000;0,1;32400
V000100;20240113;T02;PRD015;CLI0002;2;680000;0;1360000
V000357;20240113;T02;PRD022;CLI0017;3;260400;0,1;703080
V000453;20240113;T03;PRD024;CLI0055;1;1154400;0,1;1038960
V000756;20240113;T02;PRD017;CLI0052;2;3264300;0,05;6202170
V000827;20240113;T01;PRD031;CLI0073;3;36500;0,1;98550
V001503;20240113;T01;PRD033;CLI0048;2;1854100;0,1;3337380
V001782;20240113;T04;PRD037;CLI0051;4;338700;0;1354800
V000462;20240114;T01;PRD018;CLI0050;3;5192300;0;15576900
V000491;20240114;T01;PRD002;CLI0058;2;49800;0,15;84660
V001743;20240114;T02;PRD033;CLI0055;1;1863300;0,15;1583805
V000273;20240115;T01;PRD030;CLI0052;2;41300;0,1;74340
V001196;20240115;T04;PRD026;CLI0017;2;450000;0,05;855000
V000038;20240116;T02;PRD019;CLI0038;1;49900;0;49900
V000515;20240116;T03;PRD034;CLI0037;1;251100;0;251100
V000592;20240116;T04;PRD004;CLI0009;3;428300;0;1284900
V001130;20240116;T01;PRD007;CLI0005;2;1449700;0,1;2609460
V001719;20240116;T04;PRD004;CLI0057;2;414600;0,1;746280
V001777;20240116;T02;PRD024;CLI0008;2;1208300;0;2416600
V001911;20240116;T01;PRD016;CLI0056;2;1400500;0;2801000
V000028;20240117;T01;PRD005;CLI0010;2;158800;0,05;301720
V000204;20240117;T03;PRD035;CLI0046;1;252500;0;252500
V000265;20240117;T01;PRD035;CLI0042;3;236400;0,1;638280
V001685;20240117;T04;PRD012;CLI0040;3;1927600;0,1;5204520
V000065;20240118;T04;PRD037;CLI0040;4;346300;0,15;1177420
V000329;20240118;T01;PRD022;CLI0037;1;260300;0;260300
V000373;20240118;T02;PRD018;CLI0022;4;5069200;0;20276800
V000593;20240118;T01;PRD007;CLI0056;1;1465600;0;1465600
V001021;20240118;T03;PRD010;CLI0017;2;1863700;0;3727400
V001535;20240118;T03;PRD008;CLI0013;2;2918000;0,05;5544200
V000052;20240119;T01;PRD008;CLI0024;1;3093500;0;3093500
V000219;20240119;T05;PRD029;CLI0067;4;62100;0;248400
V000660;20240119;T05;PRD022;CLI0070;3;281100;0,15;716805
V000942;20240119;T02;PRD025;CLI0062;2;418300;0,05;794770
V001112;20240119;T04;PRD032;CLI0047;2;40200;0,05;76380
V001180;20240119;T02;PRD018;CLI0064;2;5087000;0;10174000
V001560;20240119;T04;PRD017;CLI0007;3;3364300;0,05;9588255
V001749;20240119;T01;PRD009;CLI0012;2;4390600;0;8781200
V001978;20240119;T01;PRD027;CLI0047;4;18000;0;72000
V002160;20240119;T04;PRD012;CLI0005;2;1815900;0,1;3268620
V000418;20240120;T04;PRD007;CLI0079;1;1505400;0;1505400
V000509;20240120;T04;PRD015;CLI0035;2;648100;0;1296200
V001127;20240120;T05;PRD025;CLI0020;3;399700;0;1199100
V001969;20240120;T01;PRD015;CLI0067;2;640900;0;1281800
V000068;20240121;T01;PRD036;CLI0055;3;505000;0,1;1363500
V001430;20240121;T03;PRD029;CLI0052;1;64800;0;64800
V001770;20240121;T03;PRD018;CLI0020;1;5040000;0;5040000
V001786;20240121;T04;PRD035;CLI0080;1;253400;0,1;228060
V000353;20240122;T05;PRD038;CLI0022;3;562000;0,05;1601700
V000670;20240122;T04;PRD011;CLI0029;1;741300;0;741300
V001393;20240122;T05;PRD019;CLI0067;4;47100;0,05;178980
V001591;20240122;T02;PRD005;CLI0012;3;160200;0,1;432540
V001611;20240122;T05;PRD016;CLI0071;3;1406400;0,1;3797280
V001856;20240122;T03;PRD023;CLI0012;1;1045700;0,1;941130
V001864;20240122;T02;PRD006;CLI0001;2;822800;0;1645600
V000321;20240123;T03;PRD031;CLI0002;1;35700;0,15;30345
V000677;20240123;T04;PRD001;CLI0014;4;74400;0;297600
V000978;20240123;T04;PRD013;CLI0002;3;277500;0,05;790875
V001081;20240123;T04;PRD002;CLI0008;3;53300;0;159900
V001093;20240123;T01;PRD010;CLI0073;1;2015400;0,1;1813860
V000673;20240124;T01;PRD035;CLI0073;2;250900;0,15;426530
V000953;20240124;T01;PRD028;CLI0013;4;95000;0;380000
V001034;20240124;T04;PRD006;CLI0064;2;816500;0;1633000
V001540;20240124;T02;PRD014;CLI0011;2;114400;0;228800
V000187;20240125;T01;PRD019;CLI0047;2;50400;0;100800
V000578;20240125;T01;PRD036;CLI0059;1;474000;0,15;402900
V000694;20240125;T04;PRD032;CLI0042;1;40600;0;40600
V001197;20240125;T04;PRD027;CLI0022;3;17700;0;53100
V001339;20240125;T01;PRD003;CLI0021;3;211400;0,15;539070
V001914;20240125;T02;PRD022;CLI0001;1;260000;0,1;234000
V000088;20240126;T03;PRD018;CLI0017;4;5053400;0;20213600
V000526;20240126;T03;PRD010;CLI0055;1;1906000;0,05;1810700
V000682;20240126;T01;PRD026;CLI0027;1;436300;0,1;392670
V001121;20240126;T04;PRD021;CLI0003;2;159600;0;319200
V001142;20240126;T02;PRD024;CLI0053;4;1185100;0,15;4029340
V001518;20240126;T02;PRD031;CLI0024;1;37800;0;37800
V001620;20240126;T03;PRD026;CLI0044;3;460200;0,1;1242540
V002000;20240126;T03;PRD018;CLI0060;4;5149900;0;20599600
V002119;20240126;T01;PRD001;CLI0020;3;74200;0,15;189210
V002194;20240126;T01;PRD033;CLI0045;2;1815900;0,1;3268620
V000972;20240127;T01;PRD016;CLI0026;2;1443500;0,05;2742650
V001033;20240127;T03;PRD025;CLI0009;1;419800;0;419800
V002196;20240127;T02;PRD030;CLI0011;2;42100;0;84200
V000185;20240128;T01;PRD001;CLI0017;2;75600;0,15;128520
V000538;20240128;T01;PRD019;CLI0005;4;47800;0,05;181640
V001166;20240128;T01;PRD020;CLI0020;4;60200;0;240800
V002178;20240128;T02;PRD009;CLI0076;1;4222700;0,05;4011565

